Risk_ID,Category,Risk_Description,Likelihood,Impact,Risk_Score,Owner,Status,Mitigation_Plan,Last_Reviewed,Related_Regulation
RISK-001,Clinical Safety,Patient safety event due to missed crisis signal in asynchronous communication (messaging or assessment data not reviewed in time by provider),Medium,Critical,High,Chief Medical Officer,"Active — Monitoring","Implement real-time NLP triage layer for patient messages; automated crisis resource delivery if provider does not respond within 4 hours; provider training on asynchronous safety monitoring; quarterly audit of flagged message response times",2026-02-15,Joint Commission NPSG 15.01.01; State mandatory reporting laws
RISK-002,Regulatory Compliance,Federal or state enforcement action related to mental health parity compliance in Headway's insurance network contracts,Medium,High,High,VP Legal + CMO,"Active — Monitoring","Quarterly parity compliance audit of all payer contracts; engage outside counsel for annual MHPAEA compliance review; monitor state AG enforcement trends; maintain documentation of network adequacy by state and plan",2026-02-20,Mental Health Parity and Addiction Equity Act (MHPAEA); state parity laws
RISK-003,Clinical Safety,Adverse outcome related to AI-generated clinical content (progress notes or response suggestions) containing inaccurate or clinically inappropriate information,Medium,High,High,Chief Medical Officer + VP Engineering,"Active — Mitigating","Mandatory provider review and approval of all AI-generated content before finalization; clinical validation testing with board-certified reviewers; hallucination detection monitoring; clear UI indicating AI content is a draft requiring review",2026-02-10,FDA guidance on Clinical Decision Support; state medical practice acts
RISK-004,Data Privacy,PHI data breach or unauthorized access to patient mental health records,Low,Critical,High,CISO + DPO,"Active — Monitoring","SOC 2 Type II certification maintained; annual penetration testing; encryption at rest (AES-256) and in transit (TLS 1.3); role-based access controls; PHI access logging and anomaly detection; incident response plan tested quarterly",2026-02-25,HIPAA Privacy and Security Rules; state health data privacy laws (e.g. CCPA SHIELD Act)
RISK-005,Regulatory Compliance,State telehealth regulation changes that restrict or complicate cross-state practice for Headway providers,High,Medium,High,VP Legal,"Active — Monitoring","Monitor telehealth legislation in all 50 states via regulatory tracking service; participate in interstate compact advocacy (PSYPACT ASWB); maintain state-by-state compliance matrix; 90-day lead time process for regulatory changes",2026-02-15,State telehealth practice acts; PSYPACT; Ryan Haight Act (for prescribing)
RISK-006,Reputation,Negative media coverage or social media backlash related to AI use in mental health care on the Headway platform,Medium,Medium,Medium,VP Communications + CMO,"Active — Monitoring","Transparent patient consent for all AI features; clear messaging that AI assists but does not replace clinical judgment; media response playbook prepared; provider advocacy program to amplify positive narratives; AI ethics advisory board",2026-02-01,N/A — Reputational
RISK-007,Clinical Quality,Inadequate clinical oversight of prescribing practices by psychiatrists and psychiatric nurse practitioners on the platform,Medium,Critical,High,Chief Medical Officer,"Active — Mitigating","Monthly chart review of 5% of prescribing encounters; mandatory case consultation for controlled substances; prescribing dashboard with outlier detection; credentialing committee reviews flagged providers quarterly; benchmarking against APA guidelines",2026-02-20,DEA regulations; state medical board prescribing guidelines; Ryan Haight Act
RISK-008,Operational,Provider network inadequacy in specific states or specialties leading to long patient wait times and access complaints,Medium,Medium,Medium,VP Provider Growth,"Active — Mitigating","Weekly monitoring of appointment availability by state and specialty; targeted recruitment in underserved areas; waitlist management with automated rebooking; specialty track expansion (perinatal PTSD substance use); payer contract network adequacy requirements tracked",2026-02-10,State network adequacy regulations; CMS network adequacy standards for MA plans
RISK-009,Financial,Insurance claim denial rates increase due to payer policy changes or coding errors reducing provider and company revenue,Medium,High,High,VP Revenue Cycle,"Active — Monitoring","Automated claim scrubbing before submission; denial trend analysis dashboard; payer-specific coding guidelines maintained; appeals process with 30-day turnaround target; provider billing education program",2026-02-15,CPT coding guidelines; payer-specific medical necessity criteria
RISK-010,Regulatory Compliance,FTC or state AG investigation into marketing claims about treatment outcomes or patient experience on Headway platform,Low,High,Medium,VP Legal + VP Marketing,"Active — Monitoring","All marketing claims reviewed by legal and clinical teams; outcome statistics require peer-reviewed methodology; testimonials comply with FTC endorsement guidelines; no guarantees of clinical outcomes in marketing materials",2026-01-30,FTC Act Section 5; state consumer protection laws; FTC Health Products Compliance Guidance
RISK-011,Clinical Safety,Patient harm resulting from inappropriate treatment matching (patient paired with provider lacking relevant expertise for presenting condition),Medium,High,High,Chief Medical Officer + VP Product,"Active — Mitigating","Evidence-based matching algorithm v3 incorporates diagnosis severity and provider training; specialty tracks for high-acuity conditions; patient screening questionnaire flags complex presentations for clinical review; provider credentialing verifies specialty competencies",2026-02-15,APA Ethical Principles; state scope of practice regulations
RISK-012,Data Privacy,Improper use or sharing of de-identified patient outcome data that could be re-identified or used in ways patients did not consent to,Low,High,Medium,DPO + Chief Medical Officer,"Active — Monitoring","De-identification follows HIPAA Safe Harbor method with expert determination review; data use agreements for all research collaborations; IRB review for any outcome publication; patient consent forms explicitly describe data use; annual privacy impact assessment",2026-02-01,HIPAA de-identification standards (Safe Harbor and Expert Determination); CCPA; state health data laws
RISK-013,Operational,Platform outage or degradation during high-volume periods disrupting scheduled telehealth sessions,Low,High,Medium,VP Engineering,"Active — Monitoring","Multi-region cloud deployment with automatic failover; 99.95% uptime SLA target; load testing for 3x peak capacity; incident response with 15-minute escalation; provider notification system for planned maintenance; fallback to phone sessions protocol",2026-02-20,HIPAA availability requirements; payer contract SLAs
RISK-014,Regulatory Compliance,Non-compliance with informed consent requirements for AI-powered features across different state jurisdictions,Medium,Medium,Medium,VP Legal + CMO,"Active — Mitigating","State-by-state informed consent requirements matrix maintained; AI feature consent flows reviewed by legal in each jurisdiction; patient-facing explainability documentation for all AI features; opt-out mechanism for all AI-assisted features",2026-02-10,State informed consent statutes; AMA AI ethics guidelines; proposed state AI transparency laws
RISK-015,Clinical Quality,Measurement-based care assessment completion rates decline reducing ability to monitor patient outcomes and detect clinical deterioration,Medium,Medium,Medium,Chief Medical Officer + VP Product,"Active — Monitoring","Assessment completion rate target of 80% monitored weekly; provider training on measurement-based care value; patient-facing UX optimization for assessment completion; automated reminders; gamification elements for provider dashboards; completion rates included in provider quality metrics",2026-02-15,APA measurement-based care recommendations; CMS quality measure proposals for behavioral health
